,phi_h,Ti,Ta,phi_s
900.0,3030.3030303030305,295.70567727869576,270.87421875,0.0
1800.0,3030.3030303030305,296.3689674474002,270.896875,0.0
2700.0,3030.3030303030305,296.68001185034456,270.91328125,0.0
3600.0,0.0,294.0505042196214,270.925,0.0
4500.0,3030.3030303030305,296.3277783290357,270.92421875,0.0
5400.0,0.0,293.98384036130886,270.915625,0.0
6300.0,0.0,293.06258613404304,270.88828125,0.0
7200.0,0.0,292.6492136389981,270.85,0.0
8100.0,3030.3030303030305,295.8152936672363,270.8,0.0
9000.0,3030.3030303030305,296.63099296006936,270.75,0.0
9900.0,3030.3030303030305,296.96542700920327,270.7,0.0
10800.0,0.0,294.3299867041622,270.65,0.0
11700.0,0.0,293.3395229867817,270.6,0.0
12600.0,3030.3030303030305,296.25905328803685,270.55,0.0
13500.0,0.0,294.0497950261993,270.5,0.0
14400.0,0.0,293.16280337664784,270.45,0.0
15300.0,3030.3030303030305,296.156752349991,270.4057291666667,0.0
16200.0,0.0,293.97486301226616,270.36875,0.0
17100.0,3030.3030303030305,296.42218980967,270.35260416666665,0.0
18000.0,3030.3030303030305,297.04407918621683,270.35,0.0
18900.0,0.0,294.4500857794153,270.3854166666667,0.0
19800.0,3030.3030303030305,296.7562539177252,270.4375,0.0
20700.0,3030.3030303030305,297.32574453429913,270.4979166666667,0.0
21600.0,3030.3030303030305,297.59181197862995,270.55,0.0
22500.0,0.0,294.9218440902117,270.57552083333337,0.0
23400.0,3030.3030303030305,297.18489603216887,270.59375,0.0
24300.0,3030.3030303030305,297.72733779117306,270.61614583333335,0.0
25200.0,0.0,295.0959790901563,270.65,0.0
26100.0,0.0,294.65063298203967,270.7348958333333,0.0
27000.0,3030.3030303030305,297.57272342995657,270.84375,0.0
27900.0,3030.3030303030305,298.2783176312245,270.95677083333334,0.0
28800.0,0.0,295.83293289863286,271.05,0.0
29700.0,3030.3030303030305,297.7322177690754,271.1036458333333,0.0
30600.0,0.0,295.29479838001316,271.15125,0.0
31500.0,3030.3030303030305,297.6268782973586,271.1980208333333,0.0
32400.0,0.0,295.27281652155256,271.25,0.0
33300.0,3030.3030303030305,297.63988205700724,271.3259375,0.0
34200.0,3030.3030303030305,298.2188032561765,271.41125,0.0
35100.0,3030.3030303030305,298.48255416162095,271.4890625,0.0
36000.0,3030.3030303030305,298.59140587680275,271.55,0.0
36900.0,3030.3030303030305,298.78822837696794,271.5619791666667,0.0
37800.0,3030.3030303030305,298.8427483206302,271.55625,0.0
38700.0,0.0,296.7127643609249,271.5463541666667,2.2666666666666666
39600.0,0.0,296.02570132271757,271.55,6.24
40500.0,0.0,295.0860305534022,271.575,11.386666666666667
41400.0,0.0,294.664544546124,271.6,16.0
42300.0,0.0,294.90747658713263,271.625,19.4675
43200.0,3030.3030303030305,298.2400676183261,271.65,22.86
44100.0,0.0,296.26397566129776,271.675,26.0125
45000.0,0.0,295.67810161096435,271.7,29.0
45900.0,0.0,295.3630086391016,271.725,31.2
46800.0,0.0,295.16702638861824,271.75,32.8
47700.0,3030.3030303030305,298.3074113826025,271.775,33.2
48600.0,3030.3030303030305,298.76755489381384,271.8,33.0
49500.0,0.0,296.5996314476984,271.825,31.799999999999997
50400.0,0.0,295.95861006300163,271.85,30.2
51300.0,0.0,295.616214959914,271.9125,27.799999999999997
52200.0,3030.3030303030305,298.602388554052,272.0,25.0
53100.0,0.0,296.55823753975557,272.0875,21.5823529412
54000.0,3030.3030303030305,298.78603510325024,272.15,18.0176470588
54900.0,0.0,296.2893789751545,272.1645833333333,14.441176470599999
55800.0,0.0,295.3464857452255,272.17,11.0
56700.0,3030.3030303030305,298.265350410322,272.1620833333333,7.454656862743334
57600.0,3030.3030303030305,298.71595462173326,272.15,3.88235294118
58500.0,3030.3030303030305,298.77358878537405,272.1330555555,1.3884803921566669
59400.0,3030.3030303030305,298.8172504338087,272.113333333,-1.1102230246251565e-16
60300.0,3030.3030303030305,298.8534972008574,272.08472222216665,0.0
61200.0,3030.3030303030305,298.88474072482956,272.05,0.0
62100.0,3030.3030303030305,298.9119501391464,271.9850694445,0.0
63000.0,3030.3030303030305,298.93513390966797,271.904166667,0.0
63900.0,3030.3030303030305,298.95529298265353,271.82048611116664,0.0
64800.0,3030.3030303030305,298.9738419610291,271.75,0.0
65700.0,3030.3030303030305,298.9919812578336,271.71875,0.0
66600.0,3030.3030303030305,299.01021392824464,271.7,0.0
67500.0,3030.3030303030305,299.0283932909668,271.68125,0.0
68400.0,3030.3030303030305,299.0459258270491,271.65,0.0
69300.0,3030.3030303030305,299.2931226884205,271.59687499999995,0.0
70200.0,3030.3030303030305,299.39478343225016,271.5375,0.0
71100.0,3030.3030303030305,299.4755788473848,271.453125,0.0
72000.0,3030.3030303030305,299.5478789829637,271.35,0.0
72900.0,3030.3030303030305,299.61299659422735,271.225,0.0
73800.0,3030.3030303030305,299.67236294020506,271.1,0.0
74700.0,3030.3030303030305,299.72777654074594,270.975,0.0
75600.0,3030.3030303030305,299.78065020556136,270.85,0.0
76500.0,3030.3030303030305,299.4512210801594,270.725,0.0
77400.0,3030.3030303030305,299.39735785225037,270.6,0.0
78300.0,3030.3030303030305,299.391562420228,270.475,0.0
79200.0,3030.3030303030305,299.3974075249424,270.35,0.0
80100.0,3030.3030303030305,299.40755414457,270.2659722221666,0.0
81000.0,3030.3030303030305,299.4225904808713,270.208333333,0.0
81900.0,3030.3030303030305,299.44269576931924,270.14513888883334,0.0
82800.0,3030.3030303030305,299.4654908825507,270.05,0.0
83700.0,3030.3030303030305,299.4869077780933,269.8879629631666,0.0
84600.0,3030.3030303030305,299.50598205302055,269.711111111,0.0
85500.0,3030.3030303030305,299.52359431747783,269.52685185183327,0.0
86400.0,3030.3030303030305,299.5403140376528,269.35,0.0
87300.0,3030.3030303030305,299.5564607872751,269.18061342600004,0.0
88200.0,3030.3030303030305,299.57204248824553,269.011805556,0.0
89100.0,3030.3030303030305,299.58710396666737,268.868460648,0.0
90000.0,3030.3030303030305,299.6019536058577,268.75,0.0
90900.0,3030.3030303030305,299.617022980785,268.697981771,0.0
91800.0,3030.3030303030305,299.63266840052296,268.67265625,0.0
92700.0,3030.3030303030305,299.6488493583415,268.66555989566666,0.0
93600.0,3030.3030303030305,299.6652168981409,268.65,0.0
94500.0,3030.3030303030305,299.6813131512054,268.61424334466665,0.0
95400.0,3030.3030303030305,299.6969735760265,268.573871528,0.0
96300.0,3030.3030303030305,299.71215832531675,268.5175853586667,0.0
97200.0,3030.3030303030305,299.726762343293,268.45,0.0
98100.0,3030.3030303030305,299.7402725947427,268.21157407383333,0.0
99000.0,3030.3030303030305,299.7506678654733,267.86111111099996,0.0
99900.0,3030.3030303030305,299.75741433743354,267.4699074071667,0.0
100800.0,3030.3030303030305,299.7620649013848,267.15,0.0
101700.0,3030.3030303030305,299.7670475873841,267.00650871433334,0.0
102600.0,3030.3030303030305,299.773419059523,266.902287582,0.0
103500.0,3030.3030303030305,299.780703896084,266.7965413943333,0.0
104400.0,3030.3030303030305,299.7878906101506,266.65,0.0
105300.0,3030.3030303030305,299.7936287571491,266.35144761016664,0.0
106200.0,3030.3030303030305,299.79667931134054,265.99788602900003,0.0
107100.0,3030.3030303030305,299.7973624867889,265.6790670955,0.0
108000.0,3030.3030303030305,299.79731986544954,265.45,0.0
108900.0,3030.3030303030305,299.7985734986575,265.3648667278333,0.0
109800.0,3030.3030303030305,299.8012890593423,265.29255514700003,0.0
110700.0,3030.3030303030305,299.80472364921957,265.2252068011667,0.0
111600.0,3030.3030303030305,299.8083341196938,265.15,0.0
112500.0,3030.3030303030305,300.2030881750172,265.0345588235,0.0
113400.0,3030.3030303030305,300.3080828714137,264.905882353,0.0
114300.0,3030.3030303030305,300.3587498207921,264.80661764683333,0.0
115200.0,3030.3030303030305,300.3956643912021,264.75,0.0
116100.0,3030.3030303030305,300.040935564263,264.80737179466666,0.0
117000.0,3030.3030303030305,299.96502411861775,264.907692308,0.0
117900.0,3030.3030303030305,299.94199718862023,265.0362179486666,0.0
118800.0,3030.3030303030305,299.9337333882259,265.15,0.0
119700.0,3030.3030303030305,299.932138807339,265.2265135326667,0.0
120600.0,3030.3030303030305,299.9344268715423,265.297863248,0.0
121500.0,3030.3030303030305,299.9393533287654,265.37063746466663,0.0
122400.0,3030.3030303030305,299.94637670145556,265.45,0.0
123300.0,3030.3030303030305,300.3481854988362,265.62883597866664,0.0
124200.0,3030.3030303030305,300.46591397963516,265.86587301599997,0.0
125100.0,3030.3030303030305,300.5356448631138,266.0923280426666,2.2307692307683338
126000.0,3030.3030303030305,300.5963458156962,266.25,6.153846153849999
126900.0,3030.3030303030305,300.26780596789234,266.28260073266665,11.307692307708333
127800.0,3030.3030303030305,300.215392883541,266.293956044,16.0
128700.0,3030.3030303030305,300.6013906720022,266.276007326,19.662545787516667
129600.0,3030.3030303030305,300.710655386041,266.25,23.274725274699996
130500.0,0.0,298.44018268443614,266.204079254,26.703754578783332
131400.0,0.0,298.07642335619374,266.148251748,30.0
132300.0,0.0,297.83193630273547,266.0935897433334,32.372767857166664
133200.0,0.0,297.6458604814187,266.05,34.0089285714
134100.0,0.0,297.4938458631738,266.05859375,34.30580357143333
135000.0,0.0,297.370463914136,266.101988636,34.0
135900.0,0.0,297.2751049433275,266.210724432,32.78348214288333
136800.0,0.0,297.2019364071028,266.35,31.2053571429
137700.0,0.0,297.1297460334263,266.61035156233334,28.823660714283335
138600.0,0.0,297.04622433328416,266.93359375,26.0
139500.0,0.0,296.9552484214955,267.2677734376667,22.5634920635
140400.0,0.0,296.8628128388823,267.55,19.0238095238
141300.0,0.0,296.31100597383585,267.7228515623333,15.468253968233334
142200.0,0.0,296.06182365703205,267.86890625,12.0
143100.0,0.0,295.8858872124407,267.9690234376667,8.222222222221667
144000.0,0.0,295.7293659388403,268.05,4.33333333333
144900.0,0.0,295.58053978800274,268.111380208,1.5555555555549998
145800.0,0.0,295.43418604249456,268.1490625,0.0
146700.0,0.0,295.28919633010264,268.05403645800004,0.0
147600.0,0.0,295.1454609673314,267.85,0.0
148500.0,0.0,295.00265466018857,267.49622395800003,0.0
149400.0,0.0,294.86053843780724,267.1265625,0.0
150300.0,0.0,294.7187200907074,266.739192708,0.0
151200.0,0.0,294.57747028044713,266.35,0.0
152100.0,0.0,294.4372015278521,265.9331597221667,0.0
153000.0,0.0,294.2977779233884,265.502083333,0.0
153900.0,0.0,294.1595649397951,265.1029513888333,0.0
154800.0,0.0,294.02342909791565,264.75,0.0
155700.0,0.0,294.33039453476346,264.5660218255,0.0
156600.0,0.0,294.3516684101611,264.46845238099996,0.0
157500.0,0.0,294.2963188559395,264.45858134950004,0.0
158400.0,0.0,294.2176572721524,264.45,0.0
159300.0,0.0,294.13391393611175,264.42683531716665,0.0
160200.0,0.0,294.05210738912564,264.40654761900004,0.0
161100.0,0.0,293.97372084698344,264.3818948411667,0.0
162000.0,0.0,293.8974145226367,264.35,0.0
162900.0,0.0,293.36248043394033,264.3046875,0.0
163800.0,0.0,293.12711498946,264.25625,0.0
164700.0,0.0,292.96691305733214,264.2036458333333,0.0
165600.0,0.0,292.8274536550416,264.15,0.0
166500.0,0.0,292.6947269954619,264.0802083333333,0.0
167400.0,0.0,292.5622803426234,264.0,0.0
168300.0,0.0,292.4289821463136,263.9197916666667,0.0
169200.0,0.0,292.29729713519345,263.85,0.0
170100.0,0.0,292.17089373066693,263.83365575433334,0.0
171000.0,0.0,292.0548146064573,263.85327381,0.0
171900.0,0.0,291.95250238763424,263.93737599233333,0.0
172800.0,0.0,291.8626227334159,264.05,0.0
173700.0,0.0,291.7741291671085,264.2144179896667,0.0
174600.0,0.0,291.6805608364612,264.396031746,0.0
175500.0,0.0,291.5851364492545,264.580291005,0.0
176400.0,0.0,291.48941259495984,264.75,0.0
177300.0,0.0,291.39176241580526,264.9060185185,0.0
178200.0,0.0,291.28792738152293,265.061111111,0.0
179100.0,0.0,291.1799798560438,265.1754629631667,0.0
180000.0,0.0,291.07168412846426,265.25,0.0
180900.0,0.0,290.9664527473403,265.275,0.0
181800.0,0.0,290.86775213722285,265.3,0.0
182700.0,0.0,290.77645752185583,265.325,0.0
183600.0,0.0,290.6901353725496,265.35,0.0
184500.0,0.0,290.6021409826725,265.375,0.0
185400.0,0.0,290.5109046818998,265.4,0.0
186300.0,0.0,290.4182989169266,265.425,0.0
187200.0,0.0,290.3253620244683,265.45,0.0
188100.0,0.0,290.2328059159415,265.5229166666666,0.0
189000.0,0.0,290.1416735490539,265.625,0.0
189900.0,0.0,290.0518908613368,265.7104166666667,0.0
190800.0,0.0,289.962266005472,265.75,0.0
191700.0,0.0,289.86991497788364,265.69345238100004,0.0
192600.0,0.0,289.77133718469474,265.614285714,0.0
193500.0,0.0,289.667707481368,265.5255952383333,0.0
194400.0,0.0,289.56189178496464,265.45,0.0
195300.0,0.0,289.45627827311205,265.39784226166665,0.0
196200.0,0.0,289.3514430345385,265.346964286,0.0
197100.0,0.0,289.2472554349218,265.29811011900006,0.0
198000.0,0.0,289.14361423698415,265.25,0.0
198900.0,0.0,289.49421711037263,265.2172916666667,0.0
199800.0,0.0,289.5630757024741,265.195,0.0
200700.0,0.0,289.55410409494584,265.17604166666666,0.0
201600.0,0.0,289.51921805187607,265.15,0.0
202500.0,3030.3030303030305,292.3620291701111,264.93098958333337,0.0
203400.0,3030.3030303030305,293.1008612927323,264.596875,0.0
204300.0,3030.3030303030305,293.4168314552262,264.2981770833333,0.0
205200.0,3030.3030303030305,293.6411584224388,264.15,0.0
206100.0,3030.3030303030305,293.8353312987556,264.2660857368333,0.0
207000.0,3030.3030303030305,294.01367768092797,264.42235576900003,0.0
207900.0,3030.3030303030305,294.18169885466773,264.6303886215,0.0
208800.0,3030.3030303030305,294.3429338857161,264.85,0.0
209700.0,3030.3030303030305,294.86607434672203,265.10819024733337,0.0
210600.0,3030.3030303030305,295.1002952808607,265.38523351599997,0.0
211500.0,3030.3030303030305,295.2780072948965,265.6387877746667,2.2333333333333334
212400.0,3030.3030303030305,295.4418764965428,265.85,6.16
213300.0,3030.3030303030305,295.2369364752766,265.91950549433335,11.313333333333333
214200.0,3030.3030303030305,295.29697151374506,265.92967033,16.0
215100.0,3030.3030303030305,295.7636297072217,265.920054945,19.645
216000.0,3030.3030303030305,295.9682110424278,265.95,23.24
216900.0,3030.3030303030305,296.13658237093523,266.04899267400003,26.674999999999997
217800.0,3030.3030303030305,296.2970318796678,266.15604395599996,30.0
218700.0,3030.3030303030305,296.45457442111933,266.2923992673333,32.524609375
219600.0,3030.3030303030305,296.61166233149385,266.45,34.3890625
220500.0,3030.3030303030305,296.76842651607996,266.6657738095,34.994140625
221400.0,3030.3030303030305,296.92488367851985,266.903571429,35.0
222300.0,3030.3030303030305,297.08057981561353,267.13898809549994,33.947916666666664
223200.0,3030.3030303030305,297.23497043384873,267.35,32.421875
224100.0,3030.3030303030305,297.3867206777869,267.521875,29.947916666666664
225000.0,3030.3030303030305,297.5369612217156,267.6875,27.0
225900.0,3030.3030303030305,297.6863662180938,267.828125,23.342824835549997
226800.0,3030.3030303030305,297.8332452737891,267.95,19.5259046053
227700.0,3030.3030303030305,297.6082525203825,268.04999999999995,15.69171463815
228600.0,3030.3030303030305,297.64055303492097,268.15,12.0
229500.0,3030.3030303030305,297.702309679111,268.25,8.157894736843334
230400.0,3030.3030303030305,297.7688866681602,268.35,4.26315789474
231300.0,3030.3030303030305,297.8394881184572,268.45000000000005,1.5263157894766666
232200.0,3030.3030303030305,297.91338501139114,268.55,1.1102230246251565e-16
233100.0,3030.3030303030305,297.99029725133977,268.65,0.0
234000.0,3030.3030303030305,298.06956373216934,268.75,0.0
234900.0,3030.3030303030305,298.15072034905074,268.8203125,0.0
235800.0,3030.3030303030305,298.23580688345965,268.86875,0.0
236700.0,3030.3030303030305,298.3260491194902,268.9046875,0.0
237600.0,3030.3030303030305,298.41945015302974,268.95,0.0
238500.0,3030.3030303030305,298.5096538523279,269.02447916666665,0.0
239400.0,3030.3030303030305,298.5571183616376,269.10625,0.0
240300.0,3030.3030303030305,298.57965750173287,269.18385416666666,0.0
241200.0,3030.3030303030305,298.60056961499026,269.25,0.0
242100.0,3030.3030303030305,298.76642620871263,269.29166666666663,0.0
243000.0,3030.3030303030305,298.7971569473825,269.325,0.0
243900.0,3030.3030303030305,298.82433885921984,269.3416666666667,0.0
244800.0,3030.3030303030305,298.8492019264803,269.35,0.0
245700.0,3030.3030303030305,298.87224318502547,269.35,0.0
246600.0,3030.3030303030305,298.89382018145693,269.35,0.0
247500.0,3030.3030303030305,298.9141554120881,269.35,0.0
248400.0,3030.3030303030305,298.93343338402565,269.35,0.0
249300.0,3030.3030303030305,298.805514336133,269.35,0.0
250200.0,3030.3030303030305,298.8155084899184,269.35,0.0
251100.0,3030.3030303030305,298.8293607233556,269.35,0.0
252000.0,3030.3030303030305,298.84287237391527,269.35,0.0
252900.0,3030.3030303030305,298.85326821570254,269.37395833333335,0.0
253800.0,3030.3030303030305,298.8616140814091,269.4125,0.0
254700.0,3030.3030303030305,298.86945535001195,269.44270833333337,0.0
255600.0,3030.3030303030305,298.87698552711447,269.45,0.0
256500.0,3030.3030303030305,298.8841380252408,269.425,0.0
257400.0,3030.3030303030305,298.8910070997255,269.4,0.0
258300.0,3030.3030303030305,298.897661660945,269.375,0.0
259200.0,3030.3030303030305,298.9041202794826,269.35,0.0
260100.0,3030.3030303030305,298.91075954957387,269.325,0.0
261000.0,3030.3030303030305,298.9188268870707,269.3,0.0
261900.0,3030.3030303030305,298.928353849629,269.275,0.0
262800.0,3030.3030303030305,298.9381104600128,269.25,0.0
263700.0,3030.3030303030305,298.9456342094393,269.21354166666663,0.0
264600.0,3030.3030303030305,298.9498890024728,269.1675,0.0
265500.0,3030.3030303030305,298.95272979605954,269.1097916666667,0.0
266400.0,3030.3030303030305,298.9559029138951,269.05,0.0
267300.0,3030.3030303030305,298.96034589168755,268.963125,0.0
268200.0,3030.3030303030305,298.9660190266855,268.8575,0.0
269100.0,3030.3030303030305,298.97239522522466,268.74687500000005,0.0
270000.0,3030.3030303030305,298.9784040497495,268.65,0.0
270900.0,3030.3030303030305,298.9829423982259,268.6364583333333,0.0
271800.0,3030.3030303030305,298.98700711971304,268.6625,0.0
272700.0,3030.3030303030305,298.9910293775768,268.6802083333333,0.0
273600.0,3030.3030303030305,298.9947660561545,268.65,0.0
274500.0,0.0,296.83664737783226,268.52859848466665,0.0
275400.0,0.0,295.8844335734078,268.38863636400004,0.0
276300.0,0.0,295.42490729535575,268.22291666666666,0.0
277200.0,0.0,295.1343132882578,268.05,0.0
278100.0,0.0,294.90140808427344,267.86562499999997,0.0
279000.0,0.0,294.69637818607237,267.67386363599996,0.0
279900.0,0.0,294.5088905421684,267.466193182,0.0
280800.0,0.0,294.33291839528647,267.25,0.0
281700.0,0.0,294.16283303141375,266.9410714288333,0.0
282600.0,0.0,293.9946077673125,266.578571429,0.0
283500.0,0.0,293.82793863932665,266.2303571428333,0.0
284400.0,0.0,293.6644958804765,265.95,0.0
285300.0,0.0,293.9495772316064,265.793907563,0.0
286200.0,0.0,293.95506715424483,265.65966386599996,0.0
287100.0,0.0,293.888574365212,265.55231092433337,0.0
288000.0,0.0,293.79972682006655,265.45,0.0
288900.0,0.0,293.2438716712053,265.353492647,0.0
289800.0,0.0,292.98833059122046,265.264264706,0.0
290700.0,0.0,292.8102488235149,265.1988602943333,0.0
291600.0,0.0,292.6551656398392,265.15,0.0
292500.0,0.0,292.51084575840235,265.24428571433333,0.0
293400.0,0.0,292.3770930634125,265.424285714,0.0
294300.0,0.0,292.2531383192085,265.6214285716667,0.0
295200.0,0.0,292.13439073566303,265.75,0.0
296100.0,0.0,292.4609109814315,265.74315476166663,0.0
297000.0,0.0,292.4999625178189,265.710714286,0.0
297900.0,0.0,292.4588657780406,265.637797619,3.276041666666667
298800.0,0.0,292.3919268849943,265.55,7.4375
299700.0,0.0,291.85243287168265,265.34687499999995,12.307291666666666
300600.0,0.0,291.6134780267192,265.0875,17.0
301500.0,0.0,291.90072123235046,264.903125,21.25
302400.0,0.0,291.92861931423556,264.85,25.5
303300.0,0.0,291.8953280350212,264.975,29.75
304200.0,0.0,291.84798088171385,265.1,34.0
305100.0,0.0,291.79966479012035,265.225,36.6484375
306000.0,0.0,291.7521859303767,265.35,37.90625
306900.0,0.0,291.7042272521834,265.47760416666665,37.2265625
307800.0,0.0,291.6549981121025,265.60625,36.0
308700.0,0.0,291.6047743191531,265.7307291666666,34.30381944445
309600.0,0.0,291.554535703032,265.85,32.4166666667
310500.0,0.0,291.5041344751911,265.95572916666663,29.918402777783335
311400.0,0.0,291.45167391441544,266.05625,27.0
312300.0,0.0,291.3961486877207,266.15260416666666,23.533275462983333
313200.0,0.0,291.3379220723179,266.25,20.017361111099998
314100.0,0.0,290.8007621628264,266.35,16.489872685183332
315000.0,0.0,290.56639566510336,266.45,13.0
315900.0,0.0,290.40789667836714,266.54999999999995,8.990162037036667
316800.0,0.0,290.26953063243,266.65,4.784722222219999
317700.0,0.0,290.14132977935145,266.65000000000003,1.7228009259233334
318600.0,0.0,290.0180049508498,266.57,0.0
319500.0,0.0,289.8969678712043,266.41,0.0
320400.0,0.0,289.7778662251311,266.25,0.0
321300.0,0.0,289.66091667815704,266.1022685186667,0.0
322200.0,0.0,289.5456745584072,265.949444444,0.0
323100.0,0.0,289.4316772025178,265.7969907406666,0.0
324000.0,0.0,289.3187696184349,265.65,0.0
324900.0,0.0,289.20697682680276,265.51394675933335,0.0
325800.0,0.0,289.0962054018048,265.386805556,0.0
326700.0,0.0,288.9867303802498,265.30179398133333,0.0
327600.0,0.0,288.8791380866696,265.25,0.0
328500.0,0.0,289.2275914896436,265.29097222216666,0.0
329400.0,0.0,289.29658058204757,265.370833333,0.0
330300.0,0.0,289.2889143256054,265.47013888883333,0.0
331200.0,0.0,289.25483337146005,265.55,0.0
332100.0,0.0,289.2086907055045,265.5671875,0.0
333000.0,0.0,289.1541429378933,265.56875,0.0
333900.0,0.0,289.0938891827045,265.59114583333337,0.0
334800.0,0.0,289.0320229805383,265.65,0.0
335700.0,0.0,288.49272520133144,265.7835069445,0.0
336600.0,0.0,288.266411695073,265.935416667,0.0
337500.0,0.0,288.1321043846222,266.09704861116666,0.0
338400.0,0.0,288.02749219835783,266.25,0.0
339300.0,0.0,287.9339809148579,266.38940972216665,0.0
340200.0,0.0,287.84626752144817,266.527083333,0.0
341100.0,0.0,287.76247753419204,266.6467013888333,0.0
342000.0,0.0,287.6805428797122,266.75,0.0
342900.0,0.0,287.5978782233169,266.780753968,0.0
343800.0,0.0,287.51329519163863,266.773809524,0.0
344700.0,0.0,287.4273700201589,266.75099206333334,0.0
345600.0,0.0,287.34132072199515,266.75,0.0
346500.0,3030.3030303030305,290.62996381091205,266.7892857145,0.0
347400.0,3030.3030303030305,291.4936498691885,266.832857143,0.0
348300.0,3030.3030303030305,291.8547484025351,266.8878571431667,0.0
349200.0,3030.3030303030305,292.10768261010674,266.95,0.0
350100.0,3030.3030303030305,292.3208626744927,267.0440625,0.0
351000.0,3030.3030303030305,292.5103254610639,267.15375,0.0
351900.0,3030.3030303030305,292.6839746718016,267.2609375,0.0
352800.0,3030.3030303030305,292.84543477252583,267.35,0.0
353700.0,3030.3030303030305,292.9964762808979,267.38437500000003,0.0
354600.0,3030.3030303030305,293.13714535161296,267.4,0.0
355500.0,3030.3030303030305,293.26886851533214,267.415625,0.0
356400.0,3030.3030303030305,293.395024853304,267.45,0.0
357300.0,3030.3030303030305,293.5192869569141,267.521875,0.0
358200.0,3030.3030303030305,293.64438354022644,267.6,0.0
359100.0,3030.3030303030305,293.77086647610884,267.678125,0.0
360000.0,3030.3030303030305,293.89683245909464,267.75,0.0
360900.0,3030.3030303030305,294.0180586975679,267.803125,0.0
361800.0,3030.3030303030305,294.132753018691,267.85,0.0
362700.0,3030.3030303030305,294.2427145463803,267.896875,0.0
363600.0,3030.3030303030305,294.350574665458,267.95,0.0
364500.0,3030.3030303030305,294.45865134827983,268.04322916666666,0.0
365400.0,3030.3030303030305,294.56738160121677,268.15625,0.0
366300.0,3030.3030303030305,294.67599765776845,268.2651041666667,0.0
367200.0,3030.3030303030305,294.78362405491845,268.35,0.0
368100.0,3030.3030303030305,294.88947940029516,268.3842261901666,0.0
369000.0,3030.3030303030305,294.9934219840071,268.407142857,0.0
369900.0,3030.3030303030305,295.09577848985504,268.4252976188333,0.0
370800.0,3030.3030303030305,295.19686659791626,268.45,0.0
371700.0,3030.3030303030305,295.6647876033906,268.4865079366666,0.0
372600.0,3030.3030303030305,295.8605466002082,268.526190476,0.0
373500.0,3030.3030303030305,296.01382170215226,268.581746032,0.0
374400.0,3030.3030303030305,296.15568863372516,268.65,0.0
375300.0,3030.3030303030305,295.92741738545817,268.7753968255,0.0
376200.0,3030.3030303030305,295.9652073912718,268.930952381,0.0
377100.0,3030.3030303030305,296.044406319819,269.0992063495,0.0
378000.0,3030.3030303030305,296.1336555853133,269.25,0.0
378900.0,3030.3030303030305,296.22436870132174,269.3754464283333,0.0
379800.0,3030.3030303030305,296.3136185053879,269.498214286,0.0
380700.0,3030.3030303030305,296.4015275672004,269.5888392856667,7.146840492450001e-18
381600.0,3030.3030303030305,296.4890191795387,269.65,4.2881042954699996e-17
382500.0,3030.3030303030305,296.9449537747688,269.675,0.35416666666666674
383400.0,3030.3030303030305,297.1320957564855,269.7,1.0
384300.0,3030.3030303030305,297.2799931767197,269.725,3.5048076923099996
385200.0,3030.3030303030305,297.41928807924023,269.75,7.211538461539999
386100.0,3030.3030303030305,297.1901906277614,269.775,12.110576923056666
387000.0,3030.3030303030305,297.2266009338561,269.8,17.0
387900.0,3030.3030303030305,297.6711825453565,269.825,21.880014474750002
388800.0,3030.3030303030305,297.85716458797276,269.85,26.9658808933
389700.0,3030.3030303030305,298.00872649381375,269.8986111111667,32.074493382949996
390600.0,3030.3030303030305,298.1551550635815,269.966666667,37.0
391500.0,3030.3030303030305,298.3021147481776,270.05694444449995,41.207157258066665
392400.0,3030.3030303030305,298.45106620671453,270.15,44.760080645200006
393300.0,3030.3030303030305,298.56501826776395,270.24748263883333,46.13961693546666
394200.0,3030.3030303030305,298.6145591228101,270.348958333,46.0
395100.0,3030.3030303030305,298.6577075306501,270.45112847216666,42.40482954545
396000.0,3030.3030303030305,298.6953334633182,270.55,37.5965909091
396900.0,3030.3030303030305,298.72771624222594,270.64921875000005,32.39062499998334
397800.0,3030.3030303030305,298.7566349641291,270.746875,28.0
398700.0,3030.3030303030305,298.78458004673274,270.81328125000005,25.19531250001667
399600.0,3030.3030303030305,298.8119202532366,270.85,22.559659090900002
400500.0,3030.3030303030305,298.6929349222997,270.85,19.88423295455
401400.0,3030.3030303030305,298.706847950233,270.85,17.0
402300.0,3030.3030303030305,298.71706346894354,270.85,12.3515625
403200.0,3030.3030303030305,298.7244529882187,270.85,6.90625
404100.0,3030.3030303030305,298.7320035141732,270.85,2.5234375
405000.0,3030.3030303030305,298.7406838138808,270.85,0.0
405900.0,3030.3030303030305,298.7504026264857,270.85,0.0
406800.0,3030.3030303030305,298.7607044937913,270.85,0.0
407700.0,3030.3030303030305,298.7712292129739,270.85,0.0
408600.0,3030.3030303030305,298.7818368591177,270.85,0.0
409500.0,3030.3030303030305,298.79240055779417,270.85,0.0
410400.0,3030.3030303030305,298.8027778453594,270.85,0.0
411300.0,3030.3030303030305,298.81287209631466,270.83385416666664,0.0
412200.0,3030.3030303030305,298.8227731269035,270.80625,0.0
413100.0,3030.3030303030305,298.83254182784276,270.77447916666665,0.0
414000.0,3030.3030303030305,298.84217850623804,270.75,0.0
414900.0,3030.3030303030305,298.9989314866337,270.746875,0.0
415800.0,3030.3030303030305,299.0182214748195,270.75,0.0
416700.0,3030.3030303030305,299.03486323487374,270.753125,0.0
417600.0,3030.3030303030305,299.0500292656759,270.75,0.0
418500.0,3030.3030303030305,299.06410493123957,270.72552083333335,0.0
419400.0,3030.3030303030305,299.0774293905634,270.69375,0.0
420300.0,3030.3030303030305,299.09015834873446,270.66614583333336,0.0
421200.0,3030.3030303030305,299.1022534384029,270.65,0.0
422100.0,3030.3030303030305,298.9650990278922,270.65,0.0
423000.0,3030.3030303030305,298.96609634268503,270.65,0.0
423900.0,3030.3030303030305,298.96902009577167,270.65,0.0
424800.0,3030.3030303030305,298.97278808450125,270.65,0.0
425700.0,3030.3030303030305,298.97712727009366,270.65,0.0
426600.0,3030.3030303030305,298.98179948646873,270.65,0.0
427500.0,3030.3030303030305,298.98665775441026,270.65,0.0
428400.0,3030.3030303030305,298.9916159856573,270.65,0.0
429300.0,3030.3030303030305,298.99664058939896,270.65,0.0
430200.0,3030.3030303030305,299.0017523120691,270.65,0.0
431100.0,3030.3030303030305,299.0069101984237,270.65,0.0
432000.0,3030.3030303030305,299.0120041366269,270.65,0.0
432900.0,3030.3030303030305,299.0168759068911,270.65,0.0
433800.0,3030.3030303030305,299.02139723389155,270.65,0.0
434700.0,3030.3030303030305,299.025644804408,270.65,0.0
435600.0,3030.3030303030305,299.0297631836024,270.65,0.0
436500.0,3030.3030303030305,299.03385874588037,270.65,0.0
437400.0,3030.3030303030305,299.0379088536842,270.65,0.0
438300.0,3030.3030303030305,299.04189664005486,270.65,0.0
439200.0,3030.3030303030305,299.04582769598403,270.65,0.0
440100.0,3030.3030303030305,299.0497241766532,270.65260416666666,0.0
441000.0,3030.3030303030305,299.05363638972966,270.65625,0.0
441900.0,3030.3030303030305,299.0575591995753,270.6557291666667,0.0
442800.0,3030.3030303030305,299.0614368087489,270.65,0.0
443700.0,3030.3030303030305,299.06515256110214,270.6307291666667,0.0
444600.0,3030.3030303030305,299.0685525310146,270.60625,0.0
445500.0,3030.3030303030305,299.07171782049033,270.5776041666667,0.0
446400.0,3030.3030303030305,299.07481560366256,270.55,0.0
447300.0,3030.3030303030305,299.0779860732641,270.525,0.0
448200.0,3030.3030303030305,299.08123044716,270.5,0.0
449100.0,3030.3030303030305,299.0844931343963,270.475,0.0
450000.0,3030.3030303030305,299.087685619432,270.45,0.0
450900.0,3030.3030303030305,299.09071887116056,270.425,0.0
451800.0,3030.3030303030305,299.09363764820694,270.4,0.0
452700.0,3030.3030303030305,299.09647766332756,270.375,0.0
453600.0,3030.3030303030305,299.09924716223446,270.35,0.0
454500.0,3030.3030303030305,299.1020135767697,270.34114583333337,0.0
455400.0,3030.3030303030305,299.10501709992457,270.34375,0.0
456300.0,3030.3030303030305,299.108258077288,270.35052083333335,0.0
457200.0,3030.3030303030305,299.111556924455,270.35,0.0
458100.0,3030.3030303030305,299.44309032784577,270.32552083333337,0.0
459000.0,3030.3030303030305,299.53906851344186,270.29375,0.0
459900.0,3030.3030303030305,299.59552031450124,270.2661458333333,0.0
460800.0,3030.3030303030305,299.64216065324644,270.25,0.0
461700.0,3030.3030303030305,299.3042705282508,270.25,0.0
462600.0,3030.3030303030305,299.2414686501424,270.25,0.0
463500.0,3030.3030303030305,299.22649624686227,270.25,0.0
464400.0,3030.3030303030305,299.22316402422103,270.25,0.0
465300.0,3030.3030303030305,299.2236277319779,270.25,0.0
466200.0,3030.3030303030305,299.22529428838345,270.25,0.0
467100.0,3030.3030303030305,299.22734262121907,270.25,0.06439393939383334
468000.0,3030.3030303030305,299.22984871427633,270.25,0.204545454545
468900.0,3030.3030303030305,299.618203422568,270.25,0.5416666666668333
469800.0,3030.3030303030305,299.72383004555314,270.25,1.0
470700.0,3030.3030303030305,299.78207564191155,270.25,3.2077205882366666
471600.0,3030.3030303030305,299.83022358662186,270.25,6.74398395722
472500.0,3030.3030303030305,299.4944645377862,270.25,11.784258021403332
473400.0,3030.3030303030305,299.43593551794504,270.25,17.0
474300.0,3030.3030303030305,299.813345951688,270.25,23.120098039233334
475200.0,3030.3030303030305,299.92281091528633,270.25,29.9264705882
476100.0,3030.3030303030305,299.9937280358513,270.2338541666667,36.7818627451
477000.0,3030.3030303030305,300.0626180430548,270.20625,43.0
477900.0,3030.3030303030305,300.1335311256237,270.17447916666663,47.27777777778333
478800.0,3030.3030303030305,300.20603468237164,270.15,50.4666666667
479700.0,3030.3030303030305,300.2790104863065,270.14687499999997,51.01111111111666
480600.0,3030.3030303030305,300.35018011309,270.15,50.0
481500.0,3030.3030303030305,300.4158814898031,270.153125,45.49283033033333
482400.0,3030.3030303030305,300.4709121550298,270.15,39.7427927928
483300.0,3030.3030303030305,300.51347391921155,270.1333333333333,33.8308933934
484200.0,3030.3030303030305,300.5462115060205,270.1125,29.0
485100.0,3030.3030303030305,300.57751082315707,270.08333333333337,26.36528716215
486000.0,3030.3030303030305,300.61227168531104,270.05,24.0780405405
486900.0,3030.3030303030305,300.26717102269083,270.00312499999995,21.738766891883333
487800.0,3030.3030303030305,300.20277029059054,269.95,19.0
488700.0,3030.3030303030305,300.17626728107115,269.896875,13.913541666666665
489600.0,3030.3030303030305,300.14806326307337,269.85,7.8375
490500.0,3030.3030303030305,300.1192780798548,269.821875,2.869791666666667
491400.0,3030.3030303030305,300.0956675829993,269.8,0.0
492300.0,3030.3030303030305,300.077744618755,269.77812500000005,0.0
493200.0,3030.3030303030305,300.0643498508369,269.75,0.0
494100.0,3030.3030303030305,300.05380890809266,269.703125,0.0
495000.0,3030.3030303030305,300.0452978672436,269.65,0.0
495900.0,3030.3030303030305,300.0383126067081,269.59687499999995,0.0
496800.0,3030.3030303030305,300.0324709891968,269.55,0.0
497700.0,3030.3030303030305,300.0273221901537,269.521875,0.0
498600.0,3030.3030303030305,300.0225644799716,269.5,0.0
499500.0,3030.3030303030305,300.0181285797153,269.478125,0.0
500400.0,3030.3030303030305,300.01404781215695,269.45,0.0
501300.0,3030.3030303030305,300.40031895834596,269.40312500000005,0.0
502200.0,3030.3030303030305,300.5008471805958,269.35,0.0
503100.0,3030.3030303030305,300.55113630558213,269.296875,0.0
504000.0,3030.3030303030305,300.5890563028452,269.25,0.0
504900.0,3030.3030303030305,300.6220575212091,269.2140625,0.0
505800.0,3030.3030303030305,300.65237042519294,269.18125,0.0
506700.0,3030.3030303030305,300.68101425390245,269.16093750000005,0.0
507600.0,3030.3030303030305,300.7084294662224,269.15,0.0
508500.0,3030.3030303030305,300.3485529534042,269.15,0.0
509400.0,3030.3030303030305,300.2666971519557,269.15,0.0
510300.0,3030.3030303030305,300.2359793215449,269.15,0.0
511200.0,3030.3030303030305,300.2186590831458,269.15,0.0
512100.0,3030.3030303030305,300.2069866428898,269.15,0.0
513000.0,3030.3030303030305,300.1985497137798,269.15,0.0
513900.0,3030.3030303030305,300.1924064647004,269.15,0.0
514800.0,3030.3030303030305,300.1879145796496,269.15,0.0
515700.0,3030.3030303030305,300.18472470772326,269.15,0.0
516600.0,3030.3030303030305,300.1827876653153,269.15,0.0
517500.0,3030.3030303030305,300.1819325720256,269.15,0.0
518400.0,3030.3030303030305,300.1815841906654,269.15,0.0
519300.0,3030.3030303030305,300.1809775666072,269.15,0.0
520200.0,3030.3030303030305,300.17980779096814,269.15,0.0
521100.0,3030.3030303030305,300.17826557440395,269.15,0.0
522000.0,3030.3030303030305,300.17671462129266,269.15,0.0
522900.0,3030.3030303030305,300.1754221278426,269.13385416666665,0.0
523800.0,3030.3030303030305,300.17420931798483,269.10625,0.0
524700.0,3030.3030303030305,300.1729374188818,269.0744791666667,0.0
525600.0,3030.3030303030305,300.17173751431085,269.05,0.0
526500.0,3030.3030303030305,300.17089913638586,269.04947916666663,0.0
527400.0,3030.3030303030305,300.1707500942174,269.05625,0.0
528300.0,3030.3030303030305,300.1712648902992,269.05885416666666,0.0
529200.0,3030.3030303030305,300.1720649726107,269.05,0.0
530100.0,3030.3030303030305,300.1724433329038,269.025,0.0
531000.0,3030.3030303030305,300.17167681145634,269.0,0.0
531900.0,3030.3030303030305,300.1697867977675,268.975,0.0
532800.0,3030.3030303030305,300.1673847909045,268.95,0.0
533700.0,3030.3030303030305,300.16514610683504,268.925,0.0
534600.0,3030.3030303030305,300.1632980744787,268.9,0.0
535500.0,3030.3030303030305,300.16174747829035,268.875,0.0
536400.0,3030.3030303030305,300.1602624257713,268.85,0.0
537300.0,3030.3030303030305,300.15852421770956,268.825,0.0
538200.0,3030.3030303030305,300.15650069015027,268.8,0.0
539100.0,3030.3030303030305,300.15437559041163,268.775,0.0
540000.0,3030.3030303030305,300.15235754832156,268.75,0.0
540900.0,3030.3030303030305,300.1506508717677,268.7359375,0.0
541800.0,3030.3030303030305,300.14934897674914,268.73125,0.0
542700.0,3030.3030303030305,300.1484315549998,268.7390625,0.0
543600.0,3030.3030303030305,300.1478495196746,268.75,0.0
544500.0,3030.3030303030305,300.53899739841347,268.771875,0.0
545400.0,3030.3030303030305,300.64382881486966,268.8,0.0
546300.0,3030.3030303030305,300.6979689589262,268.828125,0.0
547200.0,3030.3030303030305,300.73949053998837,268.85,0.0
548100.0,3030.3030303030305,300.3886798966121,268.85052083333335,0.0
549000.0,3030.3030303030305,300.31368057485867,268.84375,0.0
549900.0,3030.3030303030305,300.28833229353336,268.84114583333337,0.0
550800.0,3030.3030303030305,300.27520046973575,268.85,0.0
551700.0,3030.3030303030305,300.26681119292897,268.875,0.0
552600.0,3030.3030303030305,300.26092149513613,268.9,0.0
553500.0,3030.3030303030305,300.256698065491,268.925,0.02777777777783336
554400.0,3030.3030303030305,300.2537915785756,268.95,0.166666666667
555300.0,3030.3030303030305,300.644007878613,268.975,0.8611111111111667
556200.0,3030.3030303030305,300.74883779729805,269.0,2.0
557100.0,3030.3030303030305,300.8042447746025,269.025,4.822530864198334
558000.0,3030.3030303030305,300.84919839596097,269.05,8.57407407407
558900.0,3030.3030303030305,300.504369570608,269.0802083333333,13.276234567878332
559800.0,3030.3030303030305,300.43859918245374,269.1125,18.0
560700.0,3030.3030303030305,300.81715810562633,269.1364583333334,22.88348765435
561600.0,3030.3030303030305,300.923521055374,269.15,28.0092592593
562500.0,3030.3030303030305,300.98471773935313,269.15,33.12885802468333
563400.0,3030.3030303030305,301.0385286600804,269.15,38.0
564300.0,3030.3030303030305,301.092710659068,269.15,42.003472222216665
565200.0,3030.3030303030305,301.1484516789405,269.15,45.2583333333
566100.0,3030.3030303030305,301.20513496424974,269.15,46.007638888883335
567000.0,3030.3030303030305,301.26065037430294,269.15,45.0
567900.0,3030.3030303030305,301.3117423097705,269.15,41.49797008545001
568800.0,3030.3030303030305,301.3576887726686,269.15,37.655128205100006
569700.0,3030.3030303030305,301.3995155996774,269.15,33.708867521383326
570600.0,3030.3030303030305,301.437155556932,269.15,30.0
571500.0,3030.3030303030305,301.4725415508705,269.15,26.736673414283334
572400.0,3030.3030303030305,301.50724636624363,269.15,23.5141700405
573300.0,3030.3030303030305,301.15323829414746,269.1364583333334,20.282219973016666
574200.0,3030.3030303030305,301.07793511348166,269.1125,17.0
575100.0,3030.3030303030305,301.04350096158845,269.0802083333333,12.274671052641667
576000.0,3030.3030303030305,301.01028058676366,269.05,6.82236842105
576900.0,3030.3030303030305,300.97822711687604,269.025,2.4884868421016666
577800.0,3030.3030303030305,300.95075275688873,269.0,0.0
578700.0,3030.3030303030305,300.92795591732147,268.975,0.0
579600.0,3030.3030303030305,300.90904838566115,268.95,0.0
580500.0,3030.3030303030305,300.8928302119622,268.925,0.0
581400.0,3030.3030303030305,300.8784870954369,268.9,0.0
582300.0,3030.3030303030305,300.8654770078501,268.875,0.0
583200.0,3030.3030303030305,300.8534197329222,268.85,0.0
584100.0,3030.3030303030305,300.8420374765117,268.825,0.0
585000.0,3030.3030303030305,300.8308759982861,268.8,0.0
585900.0,3030.3030303030305,300.8197869255911,268.775,0.0
586800.0,3030.3030303030305,300.80892669466294,268.75,0.0
587700.0,3030.3030303030305,301.1934910817864,268.70885416666664,0.0
588600.0,3030.3030303030305,301.28998411496775,268.65625,0.0
589500.0,3030.3030303030305,301.3339013406076,268.5994791666667,0.0
590400.0,3030.3030303030305,301.3646596484029,268.55,0.0
591300.0,3030.3030303030305,301.39027380744545,268.51666666666665,0.0
592200.0,3030.3030303030305,301.413084844557,268.4875,0.0
593100.0,3030.3030303030305,301.43423197771995,268.4666666666667,0.0
594000.0,3030.3030303030305,301.45432702975285,268.45,0.0
594900.0,3030.3030303030305,301.0831842427793,268.446875,0.0
595800.0,3030.3030303030305,300.992202506901,268.45,0.0
596700.0,3030.3030303030305,300.95522325161477,268.453125,0.0
597600.0,3030.3030303030305,300.9328205134028,268.45,0.0
598500.0,3030.3030303030305,300.9161714993236,268.4255208333333,0.0
599400.0,3030.3030303030305,300.90247641415897,268.39375,0.0
600300.0,3030.3030303030305,300.8908847662166,268.36614583333335,0.0
601200.0,3030.3030303030305,300.88106249315024,268.35,0.0
602100.0,3030.3030303030305,300.8730928519035,268.35,0.0
603000.0,3030.3030303030305,300.86736952079656,268.35,0.0
603900.0,3030.3030303030305,300.86371423597234,268.35,0.0
604800.0,3030.3030303030305,300.8608814314288,268.35,0.0
605700.0,3030.3030303030305,300.85699659921215,268.35,0.0
606600.0,3030.3030303030305,300.8516494251735,268.35,0.0
607500.0,3030.3030303030305,300.84549936644277,268.35,0.0
608400.0,3030.3030303030305,300.8391718382389,268.35,0.0
609300.0,3030.3030303030305,300.8330761248693,268.33125,0.0
610200.0,3030.3030303030305,300.82702317834963,268.3,0.0
611100.0,3030.3030303030305,300.8209012840419,268.26875,0.0
612000.0,3030.3030303030305,300.8149379311501,268.25,0.0
612900.0,3030.3030303030305,300.8095221165763,268.25,0.0
613800.0,3030.3030303030305,300.804781413551,268.25,0.0
614700.0,3030.3030303030305,300.80060913264356,268.25,0.0
615600.0,3030.3030303030305,300.7967858972272,268.25,0.0
616500.0,3030.3030303030305,300.7930066175987,268.25,0.0
617400.0,3030.3030303030305,300.7891012270262,268.25,0.0
618300.0,3030.3030303030305,300.78504596967434,268.25,0.0
619200.0,3030.3030303030305,300.78085581679227,268.25,0.0
620100.0,3030.3030303030305,300.77651786670975,268.25,0.0
621000.0,3030.3030303030305,300.77183656267715,268.25,0.0
621900.0,3030.3030303030305,300.7668516286983,268.25,0.0
622800.0,3030.3030303030305,300.7618329835078,268.25,0.0
623700.0,3030.3030303030305,300.7571384455344,268.25,0.0
624600.0,3030.3030303030305,300.75317368306264,268.25,0.0
625500.0,3030.3030303030305,300.7499983973093,268.25,0.0
626400.0,3030.3030303030305,300.7471781943833,268.25,0.0
627300.0,3030.3030303030305,300.74403276237206,268.25,0.0
628200.0,3030.3030303030305,300.7406993409047,268.25,0.0
629100.0,3030.3030303030305,300.73766935237353,268.25,0.0
630000.0,3030.3030303030305,300.73521364263513,268.25,0.0
630900.0,3030.3030303030305,301.1278189003318,268.2661458333333,0.0
631800.0,3030.3030303030305,301.2334144023192,268.29375,0.0
632700.0,3030.3030303030305,301.28775031872703,268.32552083333337,0.0
633600.0,3030.3030303030305,301.3296646694875,268.35,0.0
634500.0,0.0,298.4628542924687,268.35312500000003,0.0
635400.0,0.0,298.06591165233226,268.35,0.0
636300.0,0.0,297.78822952288397,268.346875,0.0
637200.0,0.0,297.56288136263277,268.35,0.0
638100.0,0.0,297.3648550117689,268.371875,0.0
639000.0,0.0,297.18299568204833,268.4,0.0
639900.0,0.0,297.0123917252107,268.428125,0.02777777777783336
640800.0,0.0,296.85050192995124,268.45,0.166666666667
641700.0,0.0,297.1392772167574,268.4539930555,0.8611111111111667
642600.0,0.0,297.15094287862007,268.452083333,2.0
643500.0,0.0,297.09291236296957,268.4487847221667,4.833333333333333
644400.0,0.0,297.01521273020154,268.45,8.6
645300.0,0.0,296.4710140982894,268.4569444445,13.3
646200.0,0.0,296.22940485002067,268.466666667,18.0
647100.0,0.0,296.51492689575343,268.49861111116667,22.930994152016666
648000.0,0.0,296.5420701929,268.55,28.154385964899998
648900.0,0.0,296.5045106862573,268.625,33.27485380115
649800.0,0.0,296.44995350203743,268.7,38.0
650700.0,0.0,296.39150653630963,268.775,41.0426065163
651600.0,0.0,296.3320249891817,268.85,43.007518796999996
652500.0,0.0,296.2715489044369,268.925,42.967418546366666
653400.0,0.0,296.20942489918855,269.0,42.0
654300.0,0.0,296.1449939233171,269.075,39.9033668155
655200.0,0.0,296.07883637608785,269.15,37.5323660714
656100.0,0.0,296.01207465337217,269.225,34.47312127976666
657000.0,0.0,295.94332595111933,269.3,31.0
657900.0,0.0,295.8715143354199,269.375,27.022786458333332
658800.0,0.0,295.797745292833,269.45,23.0078125
659700.0,0.0,295.25238529053235,269.5140625,18.987630208333336
660600.0,0.0,295.01274311385765,269.56875,15.0
661500.0,0.0,294.84845666482926,269.6109375,10.3828125
662400.0,0.0,294.7001419452821,269.65,5.53125
663300.0,0.0,294.55947528234157,269.67552083333334,1.9921875
664200.0,0.0,294.42531766562007,269.69375,0.0
665100.0,0.0,294.29699562600007,269.71614583333337,0.0
666000.0,0.0,294.1736469315269,269.75,0.0
666900.0,0.0,294.05447306284333,269.8,0.0
667800.0,0.0,293.9385578668117,269.85,0.0
668700.0,0.0,293.82510693645247,269.9,0.0
669600.0,0.0,293.7137493666659,269.95,0.0
670500.0,0.0,293.60415226006074,270.0,0.0
671400.0,0.0,293.4960962283299,270.05,0.0
672300.0,0.0,293.38943837460045,270.1,0.0
673200.0,0.0,293.28406766385376,270.15,0.0
674100.0,0.0,293.63501228463036,270.1838541666667,0.0
675000.0,0.0,293.7048089325737,270.20625,0.0
675900.0,0.0,293.69443880627307,270.2244791666667,0.0
676800.0,0.0,293.65551720071755,270.25,0.0
677700.0,0.0,293.60506926930304,270.29947916666663,0.0
678600.0,0.0,293.5495688371763,270.35625,0.0
679500.0,0.0,293.4916204312384,270.40885416666663,0.0
680400.0,0.0,293.4319864393367,270.45,0.0
681300.0,0.0,292.88632098558634,270.475,0.0
682200.0,0.0,292.6487964195314,270.5,0.0
683100.0,0.0,292.50071572861833,270.525,0.0
684000.0,0.0,292.3799273904239,270.55,0.0
684900.0,0.0,292.2695771872539,270.575,0.0
685800.0,0.0,292.1644144640586,270.6,0.0
686700.0,0.0,292.0625645570876,270.625,0.0
687600.0,0.0,291.9630952717997,270.65,0.0
688500.0,0.0,291.8655445125244,270.675,0.0
689400.0,0.0,291.769538477073,270.7,0.0
690300.0,0.0,291.6748264669915,270.725,0.0
691200.0,0.0,291.58127215659334,270.75,0.0
692100.0,0.0,291.4886657649458,270.7640625,0.0
693000.0,0.0,291.3966545937512,270.76875,0.0
693900.0,0.0,291.3050360313646,270.7609375,0.0
694800.0,0.0,291.21379997358616,270.75,0.0
695700.0,0.0,291.1229255637712,270.72552083333335,0.0
696600.0,0.0,291.0322290406596,270.69375,0.0
697500.0,0.0,290.941786331604,270.66614583333336,0.0
698400.0,0.0,290.85193938183033,270.65,0.0
699300.0,0.0,290.76305313244706,270.65,0.0
700200.0,0.0,290.6750322918605,270.65,0.0
701100.0,0.0,290.5877099821156,270.65,0.0
702000.0,0.0,290.50100464070795,270.65,0.0
702900.0,0.0,290.414877355287,270.65,0.0
703800.0,0.0,290.3293011698919,270.65,0.0
704700.0,0.0,290.2442815195505,270.65,0.0
705600.0,0.0,290.1597872951915,270.65,0.0
706500.0,0.0,290.07582077231854,270.65,0.0
707400.0,0.0,289.9923820611705,270.65,0.0
708300.0,0.0,289.9094527197034,270.65,0.0
709200.0,0.0,289.82702195293876,270.65,0.0
710100.0,0.0,289.74507852743096,270.65,0.0
711000.0,0.0,289.6636133806791,270.65,0.0
711900.0,0.0,289.58261141969473,270.65,0.0
712800.0,0.0,289.5020787816892,270.65,0.0
713700.0,0.0,289.4219619492565,270.65,0.0
714600.0,0.0,289.3420237718112,270.65,0.0
715500.0,0.0,289.2621214595205,270.65,0.0
716400.0,0.0,289.1823143522291,270.65,0.0
717300.0,0.0,289.57371171589506,270.65,0.0
718200.0,0.0,289.688238849903,270.65,0.0
719100.0,0.0,289.71689973336635,270.65,0.0
720000.0,0.0,289.7111911425983,270.65,0.0
720900.0,0.0,289.1770901048806,270.65,0.0
721800.0,0.0,288.9489901203578,270.65,0.0
722700.0,0.0,288.8188556119512,270.65,0.0
723600.0,0.0,288.7184705398307,270.65,0.0
724500.0,0.0,288.62875136957723,270.61328125,0.0
725400.0,0.0,288.5427601701541,270.546875,0.0
726300.0,0.0,288.4577809575981,270.44921875,0.25
727200.0,0.0,288.37355150114394,270.35,0.75
728100.0,0.0,288.76313399330763,270.2518229166667,1.75
729000.0,0.0,288.8769969098607,270.150625,3.0
729900.0,0.0,288.90515459241055,270.04901041666665,5.524784482756667
730800.0,0.0,288.89980688172466,269.95,8.90948275862
731700.0,0.0,288.3667621432461,269.85541666666666,13.354525862036667
732600.0,0.0,288.1433523651335,269.765,18.0
733500.0,0.0,288.49647390819234,269.69791666666663,23.63695141065
734400.0,0.0,288.604793859656,269.65,29.9200626959
735300.0,0.0,288.64007128962413,269.65625,36.25646551725
736200.0,0.0,288.6523505737619,269.685,42.0
737100.0,0.0,288.6577038136098,269.72375,46.22916666665
738000.0,0.0,288.6614398108577,269.75,49.595454545500004
738900.0,0.0,288.66459499116263,269.7496875,50.231439393916666
739800.0,0.0,288.66560681656154,269.74625,49.0
740700.0,0.0,288.6609468999745,269.7453125,45.028571428566664
741600.0,0.0,288.6487882317052,269.75,40.628571428600004
742500.0,0.0,288.63020206017484,269.77447916666665,36.142857142833336
743400.0,0.0,288.60674436458845,269.80625,32.0
744300.0,0.0,288.5803516880239,269.83385416666664,28.480654761883333
745200.0,0.0,288.5531666860407,269.85,25.0178571429
746100.0,0.0,287.98986095103277,269.85,21.543154761883336
747000.0,0.0,287.751033320206,269.85,18.0
747900.0,0.0,287.61708012920496,269.85,12.955357142828333
748800.0,0.0,287.50571404652356,269.85,7.17857142857
749700.0,0.0,287.401340656621,269.85,2.616071428568333
750600.0,0.0,287.30421625080356,269.85,0.0
751500.0,0.0,287.21361974055446,269.85,0.0
752400.0,0.0,287.1285242081378,269.85,0.0
753300.0,0.0,287.0472895328198,269.85,0.0
754200.0,0.0,286.9689023492212,269.85,0.0
755100.0,0.0,286.89264947603516,269.85,0.0
756000.0,0.0,286.8179337051516,269.85,0.0
756900.0,0.0,286.7445904103235,269.9083333333333,0.0
757800.0,0.0,286.67355975980695,270.01,0.0
758700.0,0.0,286.60492062269043,270.1383333333333,0.0
759600.0,0.0,286.53793235963553,270.25,0.0
760500.0,0.0,286.9523626670838,270.3246875,0.0
761400.0,0.0,287.096299302519,270.39625,0.0
762300.0,0.0,287.1556270780234,270.4703125,0.0
763200.0,0.0,287.18233622531784,270.55,0.0
764100.0,0.0,287.19411394585535,270.64166666666665,0.0
765000.0,0.0,287.1932735201872,270.7375,0.0
765900.0,0.0,287.1831046433444,270.84166666666664,0.0
766800.0,0.0,287.16719096858407,270.95,0.0
767700.0,0.0,286.57772133340796,271.071875,0.0
768600.0,0.0,286.31468029155724,271.2,0.0
769500.0,0.0,286.18023152143564,271.328125,0.0
770400.0,0.0,286.08915482634825,271.45,0.0
771300.0,0.0,286.01352031599856,271.5546875,0.0
772200.0,0.0,285.94462002977644,271.65375,0.0
773100.0,0.0,285.87938744805234,271.7503125,0.0
774000.0,0.0,285.8166926733511,271.85,0.0
774900.0,0.0,285.75626839062346,271.9866666666667,0.0
775800.0,0.0,285.69846413873756,272.14,0.0
776700.0,0.0,285.6427226020516,272.26666666666665,0.0
777600.0,0.0,285.58758452643195,272.35,0.0
778500.0,0.0,285.53159898266284,272.375,0.0
779400.0,0.0,285.4750105006968,272.4,0.0
780300.0,0.0,285.41836034836973,272.425,0.0
781200.0,0.0,285.3619122734458,272.45,0.0
782100.0,0.0,285.30576430832775,272.475,0.0
783000.0,0.0,285.24993147845356,272.5,0.0
783900.0,0.0,285.19441660288095,272.525,0.0
784800.0,0.0,285.13923802163066,272.55,0.0
785700.0,0.0,285.0844249256582,272.575,0.0
786600.0,0.0,285.03001171061254,272.6,0.0
787500.0,0.0,284.97599826861625,272.625,0.0
788400.0,0.0,284.92234595987384,272.65,0.0
789300.0,0.0,284.8691913600988,272.7055555555,0.0
790200.0,0.0,284.8172144943911,272.783333333,0.0
791100.0,0.0,284.7665774612347,272.87222222216667,0.0
792000.0,0.0,284.71681786578614,272.95,0.0
792900.0,0.0,284.6672687709698,273.0025173611666,0.0
793800.0,0.0,284.6177368165437,273.051041667,0.0
794700.0,0.0,284.5683358812809,273.09887152783335,0.0
795600.0,0.0,284.5192530148904,273.15,0.0
796500.0,0.0,284.4707743778715,273.22421875,0.0
797400.0,0.0,284.42327935573974,273.309375,0.0
798300.0,0.0,284.37668006701585,273.38828125,0.0
799200.0,0.0,284.3304861669492,273.45,0.0
800100.0,0.0,284.284057711164,273.47109375,0.0
801000.0,0.0,284.237110028993,273.478125,0.0
801900.0,0.0,284.1896711842462,273.46640625,0.0
802800.0,0.0,284.14185445876103,273.45,0.0
803700.0,0.0,284.6080243927123,273.4252604166667,0.0
804600.0,0.0,284.83904201653905,273.396875,0.0
805500.0,0.0,284.9433931699939,273.3705729166667,0.0
806400.0,0.0,284.9822335381564,273.35,0.0
807300.0,0.0,284.43863136856345,273.3416666666667,0.0
808200.0,0.0,284.15825730066024,273.3375,0.0
809100.0,0.0,284.01940308646147,273.3416666666667,0.0
810000.0,0.0,283.9337911304558,273.35,0.0
810900.0,0.0,283.868697671933,273.371875,0.0
811800.0,0.0,283.8127828937428,273.4,0.0
812700.0,0.0,283.76184145590247,273.428125,0.0
813600.0,0.0,283.7136883636222,273.45,0.0
814500.0,0.0,284.1869494841486,273.4544270833333,0.21354166666666666
815400.0,0.0,284.4250244576657,273.453125,1.0
816300.0,0.0,284.5293754815997,273.4497395833333,2.956801470588333
817200.0,0.0,284.570357110827,273.45,5.37132352941
818100.0,0.0,284.040254584628,273.45078125,8.204963235294999
819000.0,0.0,283.7638662751763,273.453125,11.0
819900.0,0.0,284.1713826181964,273.48671875,13.765522875816668
820800.0,0.0,284.3763401421872,273.55,16.6078431373
821700.0,0.0,284.4635379881732,273.65,19.378267973883332
822600.0,0.0,284.50279883075234,273.75,22.0
823500.0,0.0,284.5234111317054,273.85,23.46047008545
824400.0,0.0,284.5360700724598,273.95,24.205128205100003
825300.0,0.0,284.54461214565146,274.04999999999995,24.47970085471667
826200.0,0.0,284.5508388808924,274.15,25.0
827100.0,0.0,284.5560957085931,274.25,26.99310007125
828000.0,0.0,284.5623879121026,274.35,29.5795940171
828900.0,0.0,284.57357786500495,274.45000000000005,31.77969195158333
829800.0,0.0,284.5911398960233,274.55,33.0
830700.0,0.0,284.6116582279906,274.65,29.303452461616665
831600.0,0.0,284.6265618441945,274.75,23.069952574499997
832500.0,0.0,284.10804143405727,274.8609375,15.789817637749998
833400.0,0.0,283.8168219220715,274.98125,10.0
834300.0,0.0,283.6571569504183,275.11406250000005,6.615853658538333
835200.0,0.0,283.5611591346395,275.25,3.3536585365900002
836100.0,0.0,283.4934135497705,275.39557291666665,1.1890243902450002
837000.0,0.0,283.43869238528214,275.546875,0.0
837900.0,0.0,283.3916989923038,275.70026041666665,0.0
838800.0,0.0,283.3498116884808,275.85,0.0
839700.0,0.0,283.31136074788736,275.99921874999995,0.0
840600.0,0.0,283.27489252627856,276.146875,0.0
841500.0,0.0,283.2395105563095,276.26328125,0.0
842400.0,0.0,283.20453176274555,276.35,0.0
843300.0,0.0,283.16966065355774,276.4,0.0
844200.0,0.0,283.1355424514308,276.45,0.0
845100.0,0.0,283.1025723130377,276.5,0.0
846000.0,0.0,283.07052218626455,276.55,0.0
846900.0,0.0,283.6015567135984,276.59739583333334,0.0
847800.0,0.0,283.8489975106191,276.64375,0.0
848700.0,0.0,283.94758734888757,276.69427083333335,0.0
849600.0,0.0,283.98980614314297,276.75,0.0
850500.0,3030.3030303030305,286.94635604926026,276.81927083333335,0.0
851400.0,3030.3030303030305,287.71388347055154,276.89375,0.0
852300.0,3030.3030303030305,288.1280988273275,276.97239583333334,0.0
853200.0,3030.3030303030305,288.4608037966437,277.05,0.0
854100.0,3030.3030303030305,288.39626695286375,277.125,0.0
855000.0,3030.3030303030305,288.57213970005995,277.2,0.0
855900.0,3030.3030303030305,288.76935432132086,277.275,0.0
856800.0,3030.3030303030305,288.9636676522948,277.35,0.0
857700.0,3030.3030303030305,289.1531047089707,277.425,0.0
858600.0,3030.3030303030305,289.33810878761886,277.5,0.0
859500.0,3030.3030303030305,289.5192729742666,277.575,0.0
860400.0,3030.3030303030305,289.69710431818345,277.65,0.0
861300.0,3030.3030303030305,289.87191235361,277.725,0.0
862200.0,3030.3030303030305,290.04407914966026,277.8,0.0
863100.0,3030.3030303030305,290.2138709973706,277.875,0.0
864000.0,3030.3030303030305,290.3814354235706,277.95,0.0
864900.0,3030.3030303030305,290.54679124847746,277.98828125,0.0
865800.0,3030.3030303030305,290.70938163237406,277.996875,0.0
866700.0,3030.3030303030305,290.869111441109,277.97421875,0.0
867600.0,3030.3030303030305,291.0263133918754,277.95,0.0
868500.0,3030.3030303030305,291.1814461701434,277.9252604166667,0.0
869400.0,3030.3030303030305,291.3345414423864,277.896875,0.0
870300.0,3030.3030303030305,291.48575191977034,277.8705729166667,0.0
871200.0,3030.3030303030305,291.63532254406584,277.85,0.0
872100.0,3030.3030303030305,291.7834307484689,277.8390625,0.0
873000.0,3030.3030303030305,291.9298575285302,277.83125,0.0
873900.0,3030.3030303030305,292.07470013040904,277.8359375,0.0
874800.0,3030.3030303030305,292.218423561922,277.85,0.0
875700.0,3030.3030303030305,292.36152768871597,277.875,0.0
876600.0,3030.3030303030305,292.50413300689274,277.9,0.0
877500.0,3030.3030303030305,292.6461763970899,277.925,0.0
878400.0,3030.3030303030305,292.7874328826281,277.95,0.0
879300.0,3030.3030303030305,292.9275635331428,277.975,0.0
880200.0,3030.3030303030305,293.066472062439,278.0,0.0
881100.0,3030.3030303030305,293.2043067209033,278.025,0.0
882000.0,3030.3030303030305,293.34111984480114,278.05,0.0
882900.0,3030.3030303030305,293.47684675627806,278.0697916666667,0.0
883800.0,3030.3030303030305,293.6111894767354,278.0875,0.0
884700.0,3030.3030303030305,293.7442959913637,278.1135416666666,0.0
885600.0,3030.3030303030305,293.8767123790392,278.15,0.0
886500.0,3030.3030303030305,294.0089726841611,278.2,0.0
887400.0,3030.3030303030305,294.14121977173625,278.25,0.0
888300.0,3030.3030303030305,294.27338216086724,278.3,0.0
889200.0,3030.3030303030305,294.4052421666809,278.35,0.0
890100.0,3030.3030303030305,294.8997273577717,278.4,0.0
891000.0,3030.3030303030305,295.1260663464607,278.45,0.0
891900.0,3030.3030303030305,295.3131701711735,278.5,0.0
892800.0,3030.3030303030305,295.4898815938854,278.55,0.0
893700.0,3030.3030303030305,295.2996197623729,278.6,0.0
894600.0,3030.3030303030305,295.369434856697,278.65,0.0
895500.0,3030.3030303030305,295.4750996232783,278.7,0.0
896400.0,3030.3030303030305,295.58840526886365,278.75,0.0
897300.0,3030.3030303030305,295.70483153960043,278.78385416666663,0.0
898200.0,3030.3030303030305,295.8228041081901,278.80625,0.0
899100.0,3030.3030303030305,295.94165531796483,278.82447916666666,0.17317708333333337
900000.0,3030.3030303030305,296.06112087989226,278.85,0.515625
900900.0,3030.3030303030305,296.5444556157705,278.89600694449996,1.1809895833333333
901800.0,3030.3030303030305,296.7610405929557,278.947916667,2.0
902700.0,3030.3030303030305,296.9396150397214,279.00121527783335,5.4296875
903600.0,3030.3030303030305,297.1105069768935,279.05,10.5
904500.0,3030.3030303030305,296.917438908124,279.0930555555,15.5703125
905400.0,3030.3030303030305,296.9868494283518,279.133333333,19.0
906300.0,3030.3030303030305,297.45573025055484,279.1513888888333,19.809751157433332
907200.0,3030.3030303030305,297.6641789935597,279.15,20.5121527778
908100.0,3030.3030303030305,297.8361959019241,279.125,21.2064525463
909000.0,3030.3030303030305,297.9999899070075,279.1,22.0
909900.0,3030.3030303030305,298.1602423901069,279.075,22.968223905716666
910800.0,3030.3030303030305,298.3180932429661,279.05,23.9570707071
911700.0,3030.3030303030305,298.47381908589347,279.025,24.974537037050002
912600.0,3030.3030303030305,298.54686933678687,279.0,26.0
913500.0,3030.3030303030305,298.59493374353303,278.975,27.925925925933335
914400.0,3030.3030303030305,298.64030497133297,278.95,30.404040404
915300.0,3030.3030303030305,298.6849109027764,278.9197916666667,32.6127946128
916200.0,3030.3030303030305,298.72914243869366,278.8875,34.0
917100.0,3030.3030303030305,298.7713243785863,278.8635416666666,30.2962962963
918000.0,3030.3030303030305,298.8077397426051,278.85,23.7777777778
918900.0,3030.3030303030305,298.693037558253,278.8635416666666,16.0740740741
919800.0,3030.3030303030305,298.7090281717747,278.8875,10.0
920700.0,3030.3030303030305,298.7260342453584,278.9197916666667,6.597222222221667
921600.0,3030.3030303030305,298.7435356634044,278.95,3.33333333333
922500.0,0.0,296.40901280982416,278.975,1.180555555555
923400.0,0.0,295.5251343820677,279.0,0.0
924300.0,0.0,294.9761518066929,279.025,0.0
925200.0,0.0,294.649211618871,279.05,0.0
926100.0,0.0,294.4251269669867,279.075,0.0
927000.0,0.0,294.2461287421478,279.1,0.0
927900.0,0.0,294.0909952753118,279.125,0.0
928800.0,0.0,293.95104977407124,279.15,0.0
929700.0,0.0,293.8217256142324,279.10295138883333,0.0
930600.0,0.0,293.6993236714294,279.002083333,0.0
931500.0,0.0,293.5816604607804,278.8664930555,0.0
932400.0,0.0,293.4683839859433,278.75,0.0
933300.0,0.0,293.8518340995861,278.6756944445,0.0
934200.0,0.0,293.98206025494017,278.604166667,0.0
935100.0,0.0,294.03989178422023,278.52986111116667,0.0
936000.0,0.0,294.04461778021283,278.45,0.0
936900.0,0.0,294.01688792204556,278.35833333333335,0.0
937800.0,0.0,293.9733583102689,278.2625,0.0
938700.0,0.0,293.92245892937507,278.15833333333336,0.0
939600.0,0.0,293.86773181084845,278.05,0.0
940500.0,0.0,293.2351854867551,277.928125,0.0
941400.0,0.0,292.91312588857096,277.8,0.0
942300.0,0.0,292.7313488620785,277.671875,0.0
943200.0,0.0,292.59811073500026,277.55,0.0
944100.0,0.0,292.4834476937461,277.4494791666667,0.0
945000.0,0.0,292.3776960813351,277.35625,0.0
945900.0,0.0,292.2769630650003,277.25885416666665,0.0
946800.0,0.0,292.17931949438946,277.15,0.0
947700.0,0.0,292.0836546851352,277.025,0.0
948600.0,0.0,291.99009944963774,276.9,0.0
949500.0,0.0,291.898989108358,276.775,0.0
950400.0,0.0,291.80977029070476,276.65,0.0
951300.0,0.0,291.7210306737659,276.525,0.0
952200.0,0.0,291.6316724937684,276.4,0.0
953100.0,0.0,291.54206454728376,276.275,0.0
954000.0,0.0,291.4530932193722,276.15,0.0
954900.0,0.0,291.36532682111573,276.025,0.0
955800.0,0.0,291.27872554433617,275.9,0.0
956700.0,0.0,291.1930374862216,275.775,0.0
957600.0,0.0,291.1080701353718,275.65,0.0
958500.0,0.0,291.0236042457571,275.525,0.0
959400.0,0.0,290.9394565754958,275.4,0.0
960300.0,0.0,290.85567139682337,275.275,0.0
961200.0,0.0,290.77246914930026,275.15,0.0
962100.0,0.0,290.69045594690306,275.07916666666665,0.0
963000.0,0.0,290.611073364362,275.05,0.0
963900.0,0.0,290.53458679266237,275.0541666666667,0.0
964800.0,0.0,290.46019842980525,275.05,0.0
965700.0,0.0,290.38681524694795,275.025,0.0
966600.0,0.0,290.3141276954146,275.0,0.0
967500.0,0.0,290.2422204444803,274.975,0.0
968400.0,0.0,290.1711422189689,274.95,0.0
969300.0,0.0,290.1008138447559,274.925,0.0
970200.0,0.0,290.0306943171872,274.9,0.0
971100.0,0.0,289.96062147573866,274.875,0.0
972000.0,0.0,289.8909561353406,274.85,0.0
972900.0,0.0,289.8220669879189,274.8140625,0.0
973800.0,0.0,289.7538980044818,274.76875,0.0
974700.0,0.0,289.68631375373735,274.7109375,0.0
975600.0,0.0,289.6192171828469,274.65,0.0
976500.0,0.0,290.03877106114174,274.5789930555,0.0
977400.0,0.0,290.191968477388,274.502083333,0.0
978300.0,0.0,290.2635858546613,274.42378472216666,0.0
979200.0,0.0,290.3004133357029,274.35,0.0
980100.0,0.0,289.7353564910376,274.2819444445,0.0
981000.0,0.0,289.48093301598243,274.216666667,0.0
981900.0,0.0,289.3467836485431,274.1736111111667,0.0
982800.0,0.0,289.25179092677536,274.15,0.0
983700.0,0.0,289.1718548183594,274.15,0.0
984600.0,0.0,289.0991061364025,274.15,0.0
985500.0,0.0,289.03071024588917,274.15,0.3009259259256667
986400.0,0.0,288.9654709571113,274.15,0.972222222222
987300.0,0.0,289.3904621487302,274.15,2.662037037037
988200.0,0.0,289.5529840874358,274.15,5.0
989100.0,0.0,289.6401439191758,274.15,11.166255973733334
990000.0,0.0,289.69445620443435,274.15,19.515681003599997
990900.0,0.0,289.1573924584392,274.1369791666666,28.521318697733335
991800.0,0.0,288.94020257936717,274.11875,36.0
992700.0,0.0,289.3466630964779,274.1213541666666,40.856993882066675
993600.0,0.0,289.5315267644355,274.15,45.542269188
994500.0,0.0,289.64755651877897,274.2463541666666,49.86603170186666
995400.0,0.0,289.7217903521569,274.36875,54.0
996300.0,0.0,289.77564410023473,274.51197916666666,57.67574107681667
997200.0,0.0,289.8253131586341,274.65,61.1079854809
998100.0,0.0,289.8772520054563,274.775,64.13490623108333
999000.0,0.0,289.9331170887896,274.9,67.0
999900.0,0.0,289.9931838642725,275.025,68.98793859648333
1000800.0,0.0,290.06454145122035,275.15,69.9868421053
1001700.0,0.0,290.16082430477127,275.275,67.99451754388333
1002600.0,0.0,290.2730201161665,275.4,64.0
1003500.0,0.0,290.3763371783756,275.525,56.03500683056666
1004400.0,0.0,290.44542556474744,275.65,46.8340163934
1005300.0,0.0,289.9135426115779,275.75138888883333,37.07701502730001
1006200.0,0.0,289.62720216635586,275.833333333,28.0
1007100.0,0.0,289.4628033098712,275.89305555550004,19.120901639366664
1008000.0,0.0,289.32840599621125,275.95,10.0409836066
1008900.0,0.0,289.20184608195603,276.00307539666665,3.600409836073333
1009800.0,0.0,289.08865534189056,276.052380952,0.0
1010700.0,0.0,288.99000199575187,276.100099206,0.0
1011600.0,0.0,288.9026104388223,276.15,0.0
1012500.0,0.0,288.8232507576255,276.2308035716667,0.0
1013400.0,0.0,288.749965052774,276.32678571400004,0.0
1014300.0,0.0,288.68116804572054,276.40491071433337,0.0
1015200.0,0.0,288.61527296985076,276.45,0.0
1016100.0,0.0,288.5506455406787,276.40491071433337,0.0
1017000.0,0.0,288.48634157546763,276.32678571400004,0.0
1017900.0,0.0,288.4224666923908,276.2308035716667,0.0
1018800.0,0.0,288.35963843413714,276.15,0.0
1019700.0,0.0,288.80123173357185,276.0988839283333,0.0
1020600.0,0.0,289.0015378840583,276.049464286,0.0
1021500.0,0.0,289.09901815251,276.00040178566667,0.0
1022400.0,0.0,289.13207475674926,275.95,0.0
1023300.0,0.0,289.13392018296315,275.8384375,0.0
1024200.0,0.0,289.1196338911593,275.69875,0.0
1025100.0,0.0,289.0966772052769,275.6265625,0.0
1026000.0,0.0,289.0717750277034,275.65,0.0
1026900.0,0.0,288.485491378127,275.8,0.0
1027800.0,0.0,288.1966919495022,275.95,0.0
1028700.0,0.0,288.05408552056656,276.1,0.0
1029600.0,0.0,287.96578843851864,276.25,0.0
1030500.0,0.0,287.89840174263713,276.4,0.0
1031400.0,0.0,287.8400752826954,276.55,0.0
1032300.0,0.0,287.7866395576504,276.7,0.0
1033200.0,0.0,287.73625032612193,276.85,0.0
1034100.0,0.0,287.6877542290014,277.01111111116666,0.0
1035000.0,0.0,287.6398750850163,277.176666667,0.0
1035900.0,0.0,287.5924689437013,277.3244444445,0.0
1036800.0,0.0,287.54591908435555,277.45,0.0
1037700.0,0.0,287.4998501831946,277.4807638888334,0.0
1038600.0,0.0,287.4531973834467,277.460833333,0.0
1039500.0,0.0,287.4059017468962,277.40034722216666,0.0
1040400.0,0.0,287.35858798510975,277.35,0.0
1041300.0,0.0,287.3111605198191,277.325,0.0
1042200.0,0.0,287.2631837656317,277.3,0.0
1043100.0,0.0,287.2147342317515,277.275,0.0
1044000.0,0.0,287.16595261310033,277.25,0.0
1044900.0,0.0,287.11694051778153,277.225,0.0
1045800.0,0.0,287.06766784932245,277.2,0.0
1046700.0,0.0,287.0183482814505,277.175,0.0
1047600.0,0.0,286.9693150762069,277.15,0.0
1048500.0,0.0,286.9211273303173,277.16953125000003,0.0
1049400.0,0.0,286.87516388966304,277.221875,0.0
1050300.0,0.0,286.8317994849944,277.29296875,0.0
1051200.0,0.0,286.79026018807275,277.35,0.0
1052100.0,0.0,286.74903358992685,277.3768229166667,0.0
1053000.0,0.0,286.70748972197384,277.400625,0.0
1053900.0,0.0,286.66572773831683,277.42401041666665,0.0
1054800.0,0.0,286.6239033662136,277.45,0.0
1055700.0,0.0,286.58223689359426,277.50125,0.0
1056600.0,0.0,286.54096405436354,277.565,0.0
1057500.0,0.0,286.5001284945142,277.61875,0.0
1058400.0,0.0,286.4594773190183,277.65,0.0
1059300.0,0.0,286.41844841092836,277.6270833333333,0.0
1060200.0,0.0,286.37686980231246,277.585,0.0
1061100.0,0.0,286.3348769433142,277.51958333333334,0.0
1062000.0,0.0,286.2926515990002,277.45,0.0
1062900.0,0.0,286.7832840076129,277.3759895833333,0.0
1063800.0,0.0,287.027337783464,277.299375,0.0
1064700.0,0.0,287.12673488529776,277.2231770833333,0.0
1065600.0,0.0,287.16291006725334,277.15,0.0
1066500.0,3030.3030303030305,289.7598371377266,277.08359375,0.0
1067400.0,3030.3030303030305,290.4422522959006,277.021875,0.0
1068300.0,3030.3030303030305,290.79172188034454,276.97890624999997,0.0
1069200.0,3030.3030303030305,291.0646944726172,276.95,0.0
1070100.0,3030.3030303030305,291.3046660530208,276.96171875000005,0.0
1071000.0,3030.3030303030305,291.5249083017584,276.990625,0.0
1071900.0,3030.3030303030305,291.73135266862175,277.02578125,0.0
1072800.0,3030.3030303030305,291.9274415775768,277.05,0.0
1073700.0,3030.3030303030305,292.47881804428476,277.0511284721666,1.0677083333333333
1074600.0,3030.3030303030305,292.75619062152407,277.048958333,5.0
1075500.0,3030.3030303030305,292.9917573105407,277.04748263883334,12.455676020433332
1076400.0,3030.3030303030305,293.220010476213,277.05,20.368622449
1077300.0,3030.3030303030305,293.0888256103681,277.0694444445,28.702487244900002
1078200.0,3030.3030303030305,293.2276902382382,277.096666667,37.0
1079100.0,3030.3030303030305,293.7781012546118,277.12611111116667,45.24099269335001
1080000.0,3030.3030303030305,294.09239914601443,277.15,53.5457294029
1080900.0,3030.3030303030305,294.4062509336136,277.13738095233333,61.81997984381667
1081800.0,3030.3030303030305,294.73410077880646,277.10571428599997,70.0
1082700.0,3030.3030303030305,295.064231300849,277.070238095,75.92226080248334
1083600.0,3030.3030303030305,295.38921039478754,277.05,79.9356481481
1084500.0,3030.3030303030305,295.70726273726626,277.1183035716667,80.99193672841668
1085400.0,3030.3030303030305,296.0178754112305,277.226785714,81.0
1086300.0,3030.3030303030305,296.319604143136,277.31741071433333,79.46116071431666
1087200.0,3030.3030303030305,296.61020715324486,277.35,77.05178571430001
1088100.0,3030.3030303030305,296.8879943094894,277.3,72.27455357145
1089000.0,3030.3030303030305,297.15449725775693,277.25,66.0
1089900.0,3030.3030303030305,297.40276693896664,277.2,57.85742781155
1090800.0,3030.3030303030305,297.6159113572088,277.15,49.5649696049
1091700.0,3030.3030303030305,297.43776175962375,277.1,41.22919832828333
1092600.0,3030.3030303030305,297.5085544769256,277.05,33.0
1093500.0,3030.3030303030305,297.60667498590664,277.0,24.353390957483334
1094400.0,3030.3030303030305,297.6772271841354,276.95,15.5332446809
1095300.0,3030.3030303030305,297.7299542527835,276.9,8.02426861703
1096200.0,3030.3030303030305,297.78643554584175,276.85,2.0000000000000004
1097100.0,3030.3030303030305,297.8545470308931,276.8,0.33333333333333337
1098000.0,3030.3030303030305,297.9319594558874,276.75,0.0
1098900.0,3030.3030303030305,298.01558909284,276.67552083333334,0.0
1099800.0,3030.3030303030305,298.10314372990956,276.58125,0.0
1100700.0,3030.3030303030305,298.193392241096,276.4661458333333,0.0
1101600.0,3030.3030303030305,298.2853681987857,276.35,0.0
1102500.0,3030.3030303030305,298.3778408568815,276.2286458333333,0.0
1103400.0,3030.3030303030305,298.46968213022825,276.10125,0.0
1104300.0,3030.3030303030305,298.52668651268584,275.9730208333333,0.0
1105200.0,3030.3030303030305,298.55577980722256,275.85,0.0
1106100.0,3030.3030303030305,298.7273202124306,275.76261904766665,0.0
1107000.0,3030.3030303030305,298.7635744290703,275.694285714,0.0
1107900.0,3030.3030303030305,298.7959163364046,275.629761905,0.0
1108800.0,3030.3030303030305,298.8256272768849,275.55,0.0
1109700.0,3030.3030303030305,298.85311384075334,275.3816964283334,0.0
1110600.0,3030.3030303030305,298.8784688189417,275.17321428599996,0.0
1111500.0,3030.3030303030305,298.90212137487214,274.9825892856667,0.0
1112400.0,3030.3030303030305,298.92469141418707,274.85,0.0
1113300.0,3030.3030303030305,298.8004683639151,274.8,0.0
1114200.0,3030.3030303030305,298.8120214182436,274.75,0.0
1115100.0,3030.3030303030305,298.825571302364,274.7,0.0
1116000.0,3030.3030303030305,298.83970836218856,274.65,0.0
1116900.0,3030.3030303030305,298.8536236450076,274.6,0.0
1117800.0,3030.3030303030305,298.8669680940427,274.55,0.0
1118700.0,3030.3030303030305,298.8798529703928,274.5,0.0
1119600.0,3030.3030303030305,298.8925127263748,274.45,0.0
1120500.0,3030.3030303030305,298.90516323249483,274.4,0.0
1121400.0,3030.3030303030305,298.91783058933964,274.35,0.0
1122300.0,3030.3030303030305,298.9305172886541,274.3,0.0
1123200.0,3030.3030303030305,298.94305840490654,274.25,0.0
1124100.0,3030.3030303030305,298.9548691971968,274.21354166666663,0.0
1125000.0,3030.3030303030305,298.96579223969604,274.1875,0.0
1125900.0,3030.3030303030305,298.9762831051358,274.1697916666667,0.0
1126800.0,3030.3030303030305,298.98663982219335,274.15,0.0
1127700.0,3030.3030303030305,298.9966894979006,274.125,0.0
1128600.0,3030.3030303030305,299.0057028014041,274.1,0.0
1129500.0,3030.3030303030305,299.0140377385326,274.075,0.0
1130400.0,3030.3030303030305,299.02228963039363,274.05,0.0
1131300.0,3030.3030303030305,299.03076658359697,274.025,0.0
1132200.0,3030.3030303030305,299.0392921836245,274.0,0.0
1133100.0,3030.3030303030305,299.0477400312992,273.975,0.0
1134000.0,3030.3030303030305,299.0560787780913,273.95,0.0
1134900.0,3030.3030303030305,299.064319995501,273.925,0.0
1135800.0,3030.3030303030305,299.07255913616507,273.9,0.0
1136700.0,3030.3030303030305,299.08078539109704,273.875,0.0
1137600.0,3030.3030303030305,299.0888527483811,273.85,0.0
1138500.0,3030.3030303030305,299.0964985964024,273.9057291666667,0.0
1139400.0,3030.3030303030305,299.10364204516287,274.01875,0.0
1140300.0,3030.3030303030305,299.11062719820643,274.15260416666666,0.0
1141200.0,3030.3030303030305,299.11764674091745,274.25,0.0
1142100.0,3030.3030303030305,299.1246584495629,274.2838541666667,0.0
1143000.0,3030.3030303030305,299.1316618621177,274.31375,0.0
1143900.0,3030.3030303030305,299.1386547595734,274.3344791666667,0.0
1144800.0,3030.3030303030305,299.14559741423864,274.35,0.0
1145700.0,3030.3030303030305,299.1602705327142,274.3571875,0.0
1146600.0,3030.3030303030305,299.1788426681961,274.36125,0.0
1147500.0,3030.3030303030305,299.19796885254766,274.3578125,0.0
1148400.0,3030.3030303030305,299.2173600892586,274.35,0.0
1149300.0,3030.3030303030305,299.61969280050585,274.30156250000005,0.0
1150200.0,3030.3030303030305,299.73898762000607,274.23125,0.0
1151100.0,3030.3030303030305,299.81007142548384,274.1734375,0.0
1152000.0,3030.3030303030305,299.86951003001946,274.15,0.0
1152900.0,3030.3030303030305,299.54493838024854,274.175,0.0
1153800.0,3030.3030303030305,299.4944966754521,274.2,0.0
1154700.0,3030.3030303030305,299.490981506205,274.225,0.0
1155600.0,3030.3030303030305,299.49843149808476,274.25,0.0
1156500.0,3030.3030303030305,299.510051267557,274.275,0.0
1157400.0,3030.3030303030305,299.52391924753675,274.3,0.0
1158300.0,3030.3030303030305,299.53933183667334,274.325,1.026515151516
1159200.0,3030.3030303030305,299.5564810000483,274.35,2.8636363636400004
1160100.0,3030.3030303030305,299.96014104273036,274.41770833333334,5.458333333333334
1161000.0,3030.3030303030305,300.0837348368253,274.5125,8.0
1161900.0,3030.3030303030305,300.16218922155707,274.59895833333337,10.681818181783333
1162800.0,3030.3030303030305,300.23035600003595,274.65,13.7727272727
1163700.0,3030.3030303030305,299.9129101336478,274.65,17.681818181783335
1164600.0,3030.3030303030305,299.8702143334666,274.65,22.0
1165500.0,3030.3030303030305,300.2642707678777,274.65,32.06845238091667
1166400.0,3030.3030303030305,300.4091864058357,274.65,45.8279220779
1167300.0,3030.3030303030305,300.54704402483986,274.65,60.368777056249996
1168200.0,3030.3030303030305,300.7121718383997,274.65,72.0
1169100.0,3030.3030303030305,300.89034038063306,274.65,77.78740763545
1170000.0,3030.3030303030305,301.06793918564847,274.65,82.2469211823
1170900.0,3030.3030303030305,301.2431218649788,274.63385416666665,83.87515394091666
1171800.0,3030.3030303030305,301.4132137547768,274.60625,84.0
1172700.0,3030.3030303030305,301.57516777051495,274.5744791666667,82.22406840931666
1173600.0,3030.3030303030305,301.72706386324944,274.55,79.84121245829999
1174500.0,3030.3030303030305,301.868135372726,274.54166666666663,75.23088153505
1175400.0,3030.3030303030305,301.9989781831384,274.5375,69.0
1176300.0,3030.3030303030305,302.1129877526137,274.54166666666663,60.45889336916666
1177200.0,3030.3030303030305,302.19189027593217,274.55,51.6142473118
1178100.0,3030.3030303030305,301.8565967725731,274.5744791666667,42.69343637990001
1179000.0,3030.3030303030305,301.78822563558333,274.60625,34.0
1179900.0,3030.3030303030305,301.76613904298176,274.63385416666665,25.14930555555
1180800.0,3030.3030303030305,301.72564652841066,274.65,16.2083333333
1181700.0,3030.3030303030305,301.6682209134638,274.65,8.795138888883333
1182600.0,3030.3030303030305,301.6144150886032,274.65,2.9999999999999996
1183500.0,3030.3030303030305,301.5735348713197,274.65,0.7812500000000001
1184400.0,3030.3030303030305,301.54344559023315,274.65,0.0
1185300.0,3030.3030303030305,301.52117383596243,274.65,0.0
1186200.0,3030.3030303030305,301.50496101354264,274.65,0.0
1187100.0,3030.3030303030305,301.4938149770924,274.65,0.0
1188000.0,3030.3030303030305,301.48667288375367,274.65,0.0
1188900.0,3030.3030303030305,301.4812385046511,274.65,0.0
1189800.0,3030.3030303030305,301.47571132754257,274.65,0.0
1190700.0,3030.3030303030305,301.470435223971,274.65,0.0
1191600.0,3030.3030303030305,301.4663081307607,274.65,0.0
1192500.0,3030.3030303030305,301.85752434082985,274.6421875,0.0
1193400.0,3030.3030303030305,301.9611910804551,274.63125,0.0
1194300.0,3030.3030303030305,302.01240315293313,274.6328125,0.0
1195200.0,3030.3030303030305,302.0508606659446,274.65,0.0
1196100.0,3030.3030303030305,302.0855475536645,274.7078125,0.0
1197000.0,3030.3030303030305,302.12000208158526,274.78125,0.0
1197900.0,3030.3030303030305,302.15543335056833,274.8671875,0.0
1198800.0,3030.3030303030305,302.19104452062885,274.95,0.0
1199700.0,3030.3030303030305,301.83483184889707,275.025,0.0
1200600.0,3030.3030303030305,301.75482795856306,275.1,0.0
1201500.0,3030.3030303030305,301.7257440920922,275.175,0.0
1202400.0,3030.3030303030305,301.710446429587,275.25,0.0
1203300.0,3030.3030303030305,301.7016346970835,275.30138888883334,0.0
1204200.0,3030.3030303030305,301.696461801109,275.333333333,0.0
1205100.0,3030.3030303030305,301.6932813699964,275.3430555555,0.0
1206000.0,3030.3030303030305,301.6914865678262,275.35,0.0
1206900.0,3030.3030303030305,301.69100552294594,275.3520833333333,0.0
1207800.0,3030.3030303030305,301.692102518209,275.35,0.0
1208700.0,3030.3030303030305,301.6953227327288,275.34791666666666,0.0
1209600.0,3030.3030303030305,301.700550056453,275.35,0.0
